<list>
  <ProcessDefinition>
    <processDefinitionPK>
      <companyId>1</companyId>
      <processId>wf_vertsign</processId>
    </processDefinitionPK>
    <processDescription>wf_vertsign</processDescription>
    <instruction></instruction>
    <active>true</active>
    <publicProcess>false</publicProcess>
    <volumeId>Default</volumeId>
    <categoryId>Vertsign</categoryId>
    <managerEngineAllocationId></managerEngineAllocationId>
    <managerEngineAllocationConfiguration>&lt;AssignmentController&gt;&lt;User&gt;adm&lt;/User&gt;&lt;/AssignmentController&gt;</managerEngineAllocationConfiguration>
    <snapshotFrequency>0</snapshotFrequency>
    <baseDay>0</baseDay>
    <baseMonth>0</baseMonth>
    <periodId>Default</periodId>
    <uniqueCardVersion>false</uniqueCardVersion>
    <keyWord></keyWord>
    <complementsLevel>1</complementsLevel>
    <notifyRequisitionerComplements>true</notifyRequisitionerComplements>
    <notifyManagerComplements>false</notifyManagerComplements>
    <deadlineTime>0</deadlineTime>
    <warningDeadlineTime>0</warningDeadlineTime>
    <notifyAuthorityComplements>true</notifyAuthorityComplements>
  </ProcessDefinition>
  <ProcessDefinitionVersion>
    <processDefinitionVersionPK>
      <companyId>1</companyId>
      <processId>wf_vertsign</processId>
      <version>21</version>
    </processDefinitionVersionPK>
    <versionDescription></versionDescription>
    <formId>3725</formId>
    <editionMode>true</editionMode>
    <updateAttachmentsVersion>false</updateAttachmentsVersion>
    <controlsAttachmentsSecurity>false</controlsAttachmentsSecurity>
    <active>true</active>
    <blockedVersion>false</blockedVersion>
    <counterSign>false</counterSign>
    <openInstances>0</openInstances>
    <bpmnVersion>2</bpmnVersion>
    <processStates/>
    <favorito>false</favorito>
    <inheritFormSecurity>false</inheritFormSecurity>
    <mobileReady>false</mobileReady>
  </ProcessDefinitionVersion>
  <list>
    <ProcessState>
      <processStatePK>
        <companyId>1</companyId>
        <processId>wf_vertsign</processId>
        <version>1</version>
        <sequence>4</sequence>
      </processStatePK>
      <stateName>Início</stateName>
      <stateDescription>Início</stateDescription>
      <instruction></instruction>
      <deadlineTime>0</deadlineTime>
      <joint>false</joint>
      <agreementPercentage>0</agreementPercentage>
      <engineAllocationId></engineAllocationId>
      <engineAllocationConfiguration></engineAllocationConfiguration>
      <selectColleague>1</selectColleague>
      <initialState>true</initialState>
      <notifyAuthorityDelay>true</notifyAuthorityDelay>
      <notifyRequisitionerDelay>false</notifyRequisitionerDelay>
      <allowanceAuthorityTime>3600</allowanceAuthorityTime>
      <frequenceAuthorityTime>3600</frequenceAuthorityTime>
      <allowanceRequisitionerTime>0</allowanceRequisitionerTime>
      <frequenceRequisitionerTime>0</frequenceRequisitionerTime>
      <transferAttachments>false</transferAttachments>
      <subProcessId></subProcessId>
      <formFolder>0</formFolder>
      <notifyAuthorityFollowUp>false</notifyAuthorityFollowUp>
      <notifyRequisitionerFollowUp>false</notifyRequisitionerFollowUp>
      <automatic>false</automatic>
      <positionX>150</positionX>
      <positionY>82</positionY>
      <forecastedEffortType>0</forecastedEffortType>
      <forecastedEffort>0</forecastedEffort>
      <notifyManagerFollowUp>false</notifyManagerFollowUp>
      <notifyManagerDelay>false</notifyManagerDelay>
      <allowanceManagerTime>0</allowanceManagerTime>
      <frequenceManagerTime>0</frequenceManagerTime>
      <inhibitTransfer>false</inhibitTransfer>
      <periodId></periodId>
      <stateType>0</stateType>
      <bpmnType>10</bpmnType>
      <signalId>0</signalId>
      <counterSign>false</counterSign>
      <openInstances>0</openInstances>
      <noticeExpirationAuthorityTime>0</noticeExpirationAuthorityTime>
      <noticeExpirationRequisitionerTime>0</noticeExpirationRequisitionerTime>
      <noticeExpirationManagerTime>0</noticeExpirationManagerTime>
      <destinationStates/>
      <digitalSignature>false</digitalSignature>
    </ProcessState>
    <ProcessState>
      <processStatePK>
        <companyId>1</companyId>
        <processId>wf_vertsign</processId>
        <version>1</version>
        <sequence>10</sequence>
      </processStatePK>
      <stateName>Atividade</stateName>
      <stateDescription>Atividade</stateDescription>
      <instruction></instruction>
      <deadlineTime>0</deadlineTime>
      <deadlineFieldName></deadlineFieldName>
      <joint>false</joint>
      <agreementPercentage>0</agreementPercentage>
      <engineAllocationId>Usuário</engineAllocationId>
      <engineAllocationConfiguration>&lt;AssignmentController&gt;&lt;User&gt;rafael.neves&lt;/User&gt;&lt;/AssignmentController&gt;</engineAllocationConfiguration>
      <selectColleague>1</selectColleague>
      <initialState>false</initialState>
      <notifyAuthorityDelay>true</notifyAuthorityDelay>
      <notifyRequisitionerDelay>false</notifyRequisitionerDelay>
      <allowanceAuthorityTime>3600</allowanceAuthorityTime>
      <frequenceAuthorityTime>3600</frequenceAuthorityTime>
      <allowanceRequisitionerTime>0</allowanceRequisitionerTime>
      <frequenceRequisitionerTime>0</frequenceRequisitionerTime>
      <transferAttachments>false</transferAttachments>
      <subProcessId></subProcessId>
      <formFolder>0</formFolder>
      <notifyAuthorityFollowUp>true</notifyAuthorityFollowUp>
      <notifyRequisitionerFollowUp>false</notifyRequisitionerFollowUp>
      <automatic>false</automatic>
      <positionX>350</positionX>
      <positionY>215</positionY>
      <forecastedEffortType>0</forecastedEffortType>
      <forecastedEffort>0</forecastedEffort>
      <notifyManagerFollowUp>false</notifyManagerFollowUp>
      <notifyManagerDelay>false</notifyManagerDelay>
      <allowanceManagerTime>0</allowanceManagerTime>
      <frequenceManagerTime>0</frequenceManagerTime>
      <inhibitTransfer>false</inhibitTransfer>
      <periodId></periodId>
      <stateType>0</stateType>
      <bpmnType>80</bpmnType>
      <signalId>0</signalId>
      <counterSign>false</counterSign>
      <openInstances>0</openInstances>
      <noticeExpirationAuthorityTime>0</noticeExpirationAuthorityTime>
      <noticeExpirationRequisitionerTime>0</noticeExpirationRequisitionerTime>
      <noticeExpirationManagerTime>0</noticeExpirationManagerTime>
      <destinationStates/>
      <digitalSignature>false</digitalSignature>
      <executionType>0</executionType>
    </ProcessState>
    <ProcessState>
      <processStatePK>
        <companyId>1</companyId>
        <processId>wf_vertsign</processId>
        <version>1</version>
        <sequence>9</sequence>
      </processStatePK>
      <stateName>Fim</stateName>
      <stateDescription>Fim</stateDescription>
      <instruction>Atividade final do processo</instruction>
      <deadlineTime>0</deadlineTime>
      <joint>false</joint>
      <agreementPercentage>0</agreementPercentage>
      <engineAllocationId></engineAllocationId>
      <engineAllocationConfiguration></engineAllocationConfiguration>
      <selectColleague>0</selectColleague>
      <initialState>false</initialState>
      <notifyAuthorityDelay>true</notifyAuthorityDelay>
      <notifyRequisitionerDelay>false</notifyRequisitionerDelay>
      <allowanceAuthorityTime>0</allowanceAuthorityTime>
      <frequenceAuthorityTime>1</frequenceAuthorityTime>
      <allowanceRequisitionerTime>0</allowanceRequisitionerTime>
      <frequenceRequisitionerTime>0</frequenceRequisitionerTime>
      <transferAttachments>false</transferAttachments>
      <subProcessId></subProcessId>
      <formFolder>0</formFolder>
      <notifyAuthorityFollowUp>false</notifyAuthorityFollowUp>
      <notifyRequisitionerFollowUp>false</notifyRequisitionerFollowUp>
      <automatic>false</automatic>
      <positionX>560</positionX>
      <positionY>227</positionY>
      <forecastedEffortType>0</forecastedEffortType>
      <forecastedEffort>0</forecastedEffort>
      <notifyManagerFollowUp>false</notifyManagerFollowUp>
      <notifyManagerDelay>false</notifyManagerDelay>
      <allowanceManagerTime>0</allowanceManagerTime>
      <frequenceManagerTime>0</frequenceManagerTime>
      <inhibitTransfer>false</inhibitTransfer>
      <periodId></periodId>
      <stateType>0</stateType>
      <bpmnType>60</bpmnType>
      <signalId>0</signalId>
      <counterSign>false</counterSign>
      <openInstances>0</openInstances>
      <destinationStates/>
      <digitalSignature>false</digitalSignature>
    </ProcessState>
  </list>
  <list/>
  <list>
    <ProcessLink>
      <processLinkPK>
        <companyId>1</companyId>
        <processId>wf_vertsign</processId>
        <version>1</version>
        <linkSequence>11</linkSequence>
      </processLinkPK>
      <actionLabel></actionLabel>
      <returnPermited>false</returnPermited>
      <initialStateSequence>4</initialStateSequence>
      <finalStateSequence>10</finalStateSequence>
      <returnLabel></returnLabel>
      <name></name>
      <automaticLink>false</automaticLink>
      <defaultLink>false</defaultLink>
      <type>0</type>
    </ProcessLink>
    <ProcessLink>
      <processLinkPK>
        <companyId>1</companyId>
        <processId>wf_vertsign</processId>
        <version>1</version>
        <linkSequence>12</linkSequence>
      </processLinkPK>
      <actionLabel></actionLabel>
      <returnPermited>false</returnPermited>
      <initialStateSequence>10</initialStateSequence>
      <finalStateSequence>9</finalStateSequence>
      <returnLabel></returnLabel>
      <name></name>
      <automaticLink>false</automaticLink>
      <defaultLink>false</defaultLink>
      <type>0</type>
    </ProcessLink>
  </list>
  <list/>
  <list>
    <WorkflowProcessEvent>
      <workflowProcessEventPK>
        <companyId>1</companyId>
        <eventId>beforeTaskSave</eventId>
        <processId>wf_vertsign</processId>
        <version>1</version>
      </workflowProcessEventPK>
      <eventDescription>// Definindo os parâmetros&#xd;
var horario = new Date().toLocaleTimeString(&apos;pt-BR&apos;).toString().split(&apos;:&apos;).join(&apos;&apos;);&#xd;
var horario2 = new Date().toLocaleTimeString(&apos;pt-BR&apos;);&#xd;
&#xd;
var hoje = new Date().toLocaleDateString(&apos;pt-BR&apos;);&#xd;
var parentFolder;&#xd;
var calendar = java.util.Calendar.getInstance().getTime();&#xd;
&#xd;
&#xd;
function beforeTaskSave(colleagueId, nextSequenceId, userList) {&#xd;
    parentFolder = String(hAPI.getCardValue(&quot;parentFolder&quot;));&#xd;
    getAttach();&#xd;
&#xd;
    DatasetFactory.getDataset(&quot;ds_upload_vertsign_manual&quot;, null, null, null);&#xd;
}&#xd;
&#xd;
function executeWebservice(params, callback) {&#xd;
&#xd;
    var constraints = [];&#xd;
&#xd;
    params.forEach(function (param) {&#xd;
        constraints.push(DatasetFactory.createConstraint(param.name, param.value, param.value, ConstraintType.MUST));&#xd;
    });&#xd;
&#xd;
    if (constraints.length &gt; 0) {&#xd;
        var dsAux = DatasetFactory.getDataset(&quot;ds_auxiliar_vertsign&quot;, null, constraints, null);&#xd;
&#xd;
        if (callback) {&#xd;
            if (dsAux.rowsCount &gt; 0) {&#xd;
                if (dsAux.getValue(0, &quot;Result&quot;) === &quot;OK&quot;) {&#xd;
                    callback();&#xd;
                }&#xd;
            }&#xd;
        }&#xd;
    }&#xd;
}&#xd;
&#xd;
function getAttach() {&#xd;
    var anexos = new java.util.ArrayList();&#xd;
    var docs = hAPI.listAttachments();&#xd;
&#xd;
    if (docs.size() &gt; 0) {&#xd;
        for (var i = 0; i &lt; docs.size(); i++) {&#xd;
            var doc = docs.get(i);&#xd;
&#xd;
            var idAnexo = doc.getDocumentId();&#xd;
            var vrAnexo = doc.getVersion();&#xd;
            var dsAnexo = doc.getDocumentDescription();&#xd;
&#xd;
            // Cria o documento na pasta informada&#xd;
            createDocument(doc, parentFolder);&#xd;
&#xd;
            // Cria registro de formulario&#xd;
            var nmArquivo = {&#xd;
                name: &quot;nmArquivo&quot;,&#xd;
                value: dsAnexo&#xd;
            };&#xd;
            var codArquivo = {&#xd;
                name: &quot;codArquivo&quot;,&#xd;
                value: idAnexo&#xd;
            };&#xd;
            var vrArquivo = {&#xd;
                name: &quot;vrArquivo&quot;,&#xd;
                value: vrAnexo&#xd;
            };&#xd;
            var codPasta = {&#xd;
                name: &quot;codPasta&quot;,&#xd;
                value: parentFolder&#xd;
            };&#xd;
            var codRemetente = {&#xd;
                name: &quot;codRemetente&quot;,&#xd;
                value: &quot;rafael.neves&quot;&#xd;
            };&#xd;
            var emails = {&#xd;
                name: &quot;emailAssinantes&quot;,&#xd;
                value: hAPI.getCardValue(&quot;mailSigner&quot;)&#xd;
            };&#xd;
            var formDescription = {&#xd;
                name: &quot;formDescription&quot;,&#xd;
                value: dsAnexo&#xd;
            };&#xd;
            var status = {&#xd;
                name: &quot;status&quot;,&#xd;
                value: &quot;Enviando para assinatura&quot;&#xd;
            };&#xd;
            var metodo = {&#xd;
                name: &quot;metodo&quot;,&#xd;
                value: &quot;create&quot;&#xd;
            };&#xd;
&#xd;
            var dataEnvio = {&#xd;
                name: &quot;dataEnvio&quot;,&#xd;
                value: hoje&#xd;
            };&#xd;
            var horaEnvio = {&#xd;
                name: &quot;horaEnvio&quot;,&#xd;
                value: horario2&#xd;
            };&#xd;
&#xd;
            var constraints = [nmArquivo, codArquivo, vrArquivo, codPasta, codRemetente, emails, formDescription, status, metodo, dataEnvio, horaEnvio];&#xd;
&#xd;
            executeWebservice(constraints, function () {&#xd;
                log.info(&quot;Enviando documento para assinatura&quot;);&#xd;
            })&#xd;
        }&#xd;
&#xd;
    } else {&#xd;
        throw &quot;É preciso anexar o documento para continuar o processo!&quot;;&#xd;
    }&#xd;
}&#xd;
&#xd;
function createDocument(document, parentFolder) {&#xd;
&#xd;
    if (document &amp;&amp; parentFolder) {&#xd;
        document.setParentDocumentId(Number(parentFolder));&#xd;
        document.setVersionDescription(&quot;Processo: &quot; + getValue(&quot;WKNumProces&quot;));&#xd;
        document.setExpires(false);&#xd;
        document.setCreateDate(calendar);&#xd;
        document.setInheritSecurity(true);&#xd;
        document.setTopicId(1);&#xd;
        document.setUserNotify(false);&#xd;
        document.setValidationStartDate(calendar);&#xd;
        document.setVersionOption(&quot;0&quot;);&#xd;
        document.setUpdateIsoProperties(true);&#xd;
&#xd;
        // Publica o documento&#xd;
        hAPI.publishWorkflowAttachment(document);&#xd;
    }&#xd;
}</eventDescription>
    </WorkflowProcessEvent>
  </list>
  <list/>
  <list>
    <SwimLane>
      <color>FFFFFF</color>
      <height>290</height>
      <width>831</width>
      <positionX>10</positionX>
      <positionY>10</positionY>
      <stateName>Vertsign</stateName>
      <type>1</type>
      <parentSequence>0</parentSequence>
      <swimLanePK>
        <companyId>1</companyId>
        <processId>wf_vertsign</processId>
        <version>1</version>
        <sequence>1</sequence>
      </swimLanePK>
    </SwimLane>
    <SwimLane>
      <color>9F9F9F</color>
      <height>145</height>
      <width>801</width>
      <positionX>40</positionX>
      <positionY>10</positionY>
      <stateName></stateName>
      <type>2</type>
      <parentSequence>1</parentSequence>
      <swimLanePK>
        <companyId>1</companyId>
        <processId>wf_vertsign</processId>
        <version>1</version>
        <sequence>2</sequence>
      </swimLanePK>
    </SwimLane>
    <SwimLane>
      <color>C0C0C0</color>
      <height>145</height>
      <width>801</width>
      <positionX>40</positionX>
      <positionY>155</positionY>
      <stateName></stateName>
      <type>2</type>
      <parentSequence>1</parentSequence>
      <swimLanePK>
        <companyId>1</companyId>
        <processId>wf_vertsign</processId>
        <version>1</version>
        <sequence>3</sequence>
      </swimLanePK>
    </SwimLane>
  </list>
  <list>
    <ProcessComponGraf>
      <componType>1</componType>
      <positionX>230</positionX>
      <positionY>20</positionY>
      <processComponGrafPK>
        <companyId>1</companyId>
        <processId>wf_vertsign</processId>
        <version>1</version>
        <componGrafSequence>7</componGrafSequence>
      </processComponGrafPK>
      <stateName>Anexar documento e adicionar os assinantes</stateName>
    </ProcessComponGraf>
  </list>
  <list>
    <ProcessLinkAssoc>
      <processLinkAssocPK>
        <companyId>1</companyId>
        <processId>wf_vertsign</processId>
        <version>1</version>
        <linkSequence>8</linkSequence>
      </processLinkAssocPK>
      <initialStateSequence>7</initialStateSequence>
      <finalStateSequence>4</finalStateSequence>
    </ProcessLinkAssoc>
  </list>
  <list>
    <ProcessLinkBend>
      <processLinkBendPK>
        <companyId>1</companyId>
        <processId>wf_vertsign</processId>
        <version>21</version>
        <linkSequence>8</linkSequence>
        <bendSequence>1</bendSequence>
      </processLinkBendPK>
      <positionX>167</positionX>
      <positionY>48</positionY>
    </ProcessLinkBend>
    <ProcessLinkBend>
      <processLinkBendPK>
        <companyId>1</companyId>
        <processId>wf_vertsign</processId>
        <version>21</version>
        <linkSequence>11</linkSequence>
        <bendSequence>1</bendSequence>
      </processLinkBendPK>
      <positionX>167</positionX>
      <positionY>245</positionY>
    </ProcessLinkBend>
  </list>
  <list/>
  <list/>
  <list/>
  <list/>
  <list/>
  <list/>
</list>